{
  "latency_p50": 205.60002326965332,
  "latency_p95": 421.43063545226994,
  "latency_p99": 506.2464523315429,
  "latency_mean": 272.88592541897975,
  "latency_min": 64.73898887634277,
  "latency_max": 4155.101299285889,
  "latency_std": 296.2923910444253,
  "throughput_rps": 3.6645349094667816,
  "precision_at_5": 0.0,
  "precision_at_10": 0.0,
  "recall_at_5": 0.0,
  "recall_at_10": 0.0,
  "ndcg_at_5": 1.0,
  "ndcg_at_10": 1.0,
  "mrr": 0.0,
  "catalog_coverage": 0.0187,
  "diversity_score": 0.25205205205205206,
  "novelty_score": 0.9435281126972818,
  "success_rate": 0.999,
  "error_rate": 0.001,
  "cache_hit_rate": 0.0
}